[
  {
    "id": "fortnite-pack",
    "name": "Fortnite Graphics Pack",
    "price": 5.99,
    "filename": "mods/fortnite-pack.zip",
    "description": "High quality skins & HUD graphics (legal assets)."
  },
  {
    "id": "gta-rp",
    "name": "GTA RP Asset Pack",
    "price": 7.99,
    "filename": "mods/gta-rp-pack.zip",
    "description": "Roleplay assets for FiveM servers (legal)."
  },
  {
    "id": "discord-nitro",
    "name": "Discord Nitro Style Pack",
    "price": 2.99,
    "filename": "mods/discord-nitro.zip",
    "description": "Banners, emojis and Nitro-style elements."
  },
  {
    "id": "roblox-gfx",
    "name": "Roblox GFX Pack",
    "price": 4.49,
    "filename": "mods/roblox-gfx.zip",
    "description": "Model packs and UI elements for Roblox creators."
  }
]